<application>
  <component name="ProjectManager">
    <defaultProject>
      <component name="MavenImportPreferences">
        <option name="generalSettings">
          <MavenGeneralSettings>
            <option name="localRepository" value="/opt/maven/repository" />
            <option name="mavenHome" value="/opt/maven" />
            <option name="userSettingsFile" value="/opt/maven/conf/settings.xml" />
          </MavenGeneralSettings>
        </option>
      </component>
      <component name="ProjectInspectionProfilesVisibleTreeState">
        <entry key="Project Default">
          <profile-state>
            <expanded-state>
              <State />
              <State>
                <id>AOP</id>
              </State>
              <State>
                <id>Abstraction issuesJava</id>
              </State>
              <State>
                <id>Ali-Check</id>
              </State>
              <State>
                <id>Android</id>
              </State>
              <State>
                <id>Angular</id>
              </State>
              <State>
                <id>Application SizePerformanceLintAndroid</id>
              </State>
              <State>
                <id>Assignment issuesGroovy</id>
              </State>
              <State>
                <id>Assignment issuesJava</id>
              </State>
              <State>
                <id>Assignment issuesJavaScript</id>
              </State>
              <State>
                <id>Bitwise operation issuesJava</id>
              </State>
              <State>
                <id>Bitwise operation issuesJavaScript</id>
              </State>
              <State>
                <id>CSS</id>
              </State>
              <State>
                <id>Class structureJava</id>
              </State>
              <State>
                <id>Cloning issuesJava</id>
              </State>
              <State>
                <id>Code maturityJava</id>
              </State>
              <State>
                <id>Code quality toolsCSS</id>
              </State>
              <State>
                <id>Code quality toolsJavaScript</id>
              </State>
              <State>
                <id>Code style issuesCSS</id>
              </State>
              <State>
                <id>Code style issuesJava</id>
              </State>
              <State>
                <id>Code style issuesJavaScript</id>
              </State>
              <State>
                <id>CodePlugin DevKit</id>
              </State>
              <State>
                <id>CodeSpring CoreSpring</id>
              </State>
              <State>
                <id>CoffeeScript</id>
              </State>
              <State>
                <id>Control flow issuesJava</id>
              </State>
              <State>
                <id>CorrectnessLintAndroid</id>
              </State>
              <State>
                <id>Data flowJava</id>
              </State>
              <State>
                <id>Data flowJavaScript</id>
              </State>
              <State>
                <id>Declaration redundancyJava</id>
              </State>
              <State>
                <id>Dependency issuesJava</id>
              </State>
              <State>
                <id>ECMAScript 6 migration aidsJavaScript</id>
              </State>
              <State>
                <id>EditorConfig</id>
              </State>
              <State>
                <id>EncapsulationJava</id>
              </State>
              <State>
                <id>Error handlingGroovy</id>
              </State>
              <State>
                <id>Error handlingJava</id>
              </State>
              <State>
                <id>Error handlingJavaScript</id>
              </State>
              <State>
                <id>FinalizationJava</id>
              </State>
              <State>
                <id>FlexUnit</id>
              </State>
              <State>
                <id>Flow type checkerJavaScript</id>
              </State>
              <State>
                <id>General</id>
              </State>
              <State>
                <id>GeneralJava</id>
              </State>
              <State>
                <id>GeneralJavaScript</id>
              </State>
              <State>
                <id>Google App Engine</id>
              </State>
              <State>
                <id>Google Web Toolkit</id>
              </State>
              <State>
                <id>Groovy</id>
              </State>
              <State>
                <id>HTML</id>
              </State>
              <State>
                <id>ImportsJava</id>
              </State>
              <State>
                <id>Inheritance issuesJava</id>
              </State>
              <State>
                <id>InitializationJava</id>
              </State>
              <State>
                <id>Internationalization</id>
              </State>
              <State>
                <id>InternationalizationJava</id>
              </State>
              <State>
                <id>InteroperabilityLintAndroid</id>
              </State>
              <State>
                <id>J2ME issuesJava</id>
              </State>
              <State>
                <id>JBoss Seam</id>
              </State>
              <State>
                <id>JSP</id>
              </State>
              <State>
                <id>JUnitJava</id>
              </State>
              <State>
                <id>JVM languages</id>
              </State>
              <State>
                <id>Java</id>
              </State>
              <State>
                <id>Java 11Java language level migration aidsJava</id>
              </State>
              <State>
                <id>Java 8Java language level migration aidsJava</id>
              </State>
              <State>
                <id>Java interop issuesKotlin</id>
              </State>
              <State>
                <id>Java language level issuesJava</id>
              </State>
              <State>
                <id>Java language level migration aidsJava</id>
              </State>
              <State>
                <id>JavaBeans issuesJava</id>
              </State>
              <State>
                <id>JavaScript</id>
              </State>
              <State>
                <id>JavaScript function metricsJavaScript</id>
              </State>
              <State>
                <id>JavaScript validity issuesJavaScript</id>
              </State>
              <State>
                <id>JavadocJava</id>
              </State>
              <State>
                <id>Kotlin</id>
              </State>
              <State>
                <id>Kotlin InteroperabilityInteroperabilityLintAndroid</id>
              </State>
              <State>
                <id>LintAndroid</id>
              </State>
              <State>
                <id>LintLintAndroid</id>
              </State>
              <State>
                <id>MemoryJava</id>
              </State>
              <State>
                <id>MessagesCorrectnessLintAndroid</id>
              </State>
              <State>
                <id>Method metricsJava</id>
              </State>
              <State>
                <id>MigrationKotlin</id>
              </State>
              <State>
                <id>Modularization issuesJava</id>
              </State>
              <State>
                <id>Naming conventionsJava</id>
              </State>
              <State>
                <id>Node.jsJavaScript</id>
              </State>
              <State>
                <id>Nullability problemsProbable bugsJava</id>
              </State>
              <State>
                <id>Numeric issuesJava</id>
              </State>
              <State>
                <id>Packaging issuesJava</id>
              </State>
              <State>
                <id>PerformanceJava</id>
              </State>
              <State>
                <id>PerformanceLintAndroid</id>
              </State>
              <State>
                <id>Plugin DevKit</id>
              </State>
              <State>
                <id>PortabilityJava</id>
              </State>
              <State>
                <id>Potentially confusing code constructsGroovy</id>
              </State>
              <State>
                <id>Potentially confusing code constructsJavaScript</id>
              </State>
              <State>
                <id>Probable bugsCoffeeScript</id>
              </State>
              <State>
                <id>Probable bugsGroovy</id>
              </State>
              <State>
                <id>Probable bugsJava</id>
              </State>
              <State>
                <id>Probable bugsJavaScript</id>
              </State>
              <State>
                <id>Probable bugsKotlin</id>
              </State>
              <State>
                <id>Properties files</id>
              </State>
              <State>
                <id>RESTful Web Service</id>
              </State>
              <State>
                <id>Reactor</id>
              </State>
              <State>
                <id>Redundant constructsKotlin</id>
              </State>
              <State>
                <id>RegExp</id>
              </State>
              <State>
                <id>SQL</id>
              </State>
              <State>
                <id>SecurityJava</id>
              </State>
              <State>
                <id>SecurityLintAndroid</id>
              </State>
              <State>
                <id>SetupSpring CoreSpring</id>
              </State>
              <State>
                <id>Spelling</id>
              </State>
              <State>
                <id>Spring</id>
              </State>
              <State>
                <id>Spring CoreSpring</id>
              </State>
              <State>
                <id>Spring SecuritySpring</id>
              </State>
              <State>
                <id>Style issuesKotlin</id>
              </State>
              <State>
                <id>Threading issuesGroovy</id>
              </State>
              <State>
                <id>Threading issuesJava</id>
              </State>
              <State>
                <id>TypeScript</id>
              </State>
              <State>
                <id>TypographyUsabilityLintAndroid</id>
              </State>
              <State>
                <id>UI form</id>
              </State>
              <State>
                <id>UsabilityLintAndroid</id>
              </State>
              <State>
                <id>Verbose or redundant code constructsJava</id>
              </State>
              <State>
                <id>VisibilityJava</id>
              </State>
              <State>
                <id>XML</id>
              </State>
              <State>
                <id>XPath</id>
              </State>
              <State>
                <id>toString() issuesJava</id>
              </State>
            </expanded-state>
            <selected-state>
              <State>
                <id>Ali-Check</id>
              </State>
            </selected-state>
          </profile-state>
        </entry>
      </component>
      <component name="PropertiesComponent">
        <property name="project.structure.last.edited" value="Project" />
        <property name="project.structure.proportion" value="0.0" />
        <property name="project.structure.side.proportion" value="0.0" />
        <property name="settings.editor.selected.configurable" value="editor.preferences.completion" />
      </component>
      <component name="masterDetails">
        <states>
          <state key="ProjectJDKs.UI">
            <settings>
              <last-edited>1.8</last-edited>
              <splitter-proportions>
                <option name="proportions">
                  <list>
                    <option value="0.2" />
                  </list>
                </option>
              </splitter-proportions>
            </settings>
          </state>
        </states>
      </component>
    </defaultProject>
  </component>
</application>